<!DOCTYPE PATCH  SYSTEM "http://vvvv.org/versions/vvvv45beta26.dtd" >
   <PATCH nodename="C:\kimchiandchips\VVVV.Research\VVVV.Nodes.EmguCV\Package\modules\BoardObjectPoints (EmguCV).v4p" filename="C:\kimchiandchips\VVVV.Research\VVVV.Nodes.KC.EmguCV\tests\subpatches\BoardObjectPoints (EmguCV).v4p" systemname="BoardObjectPoints (EmguCV)">
   <BOUNDS height="5940" left="8835" top="9285" type="Window" width="5730">
   </BOUNDS>
   <NODE componentmode="InABox" id="0" nodename="IOBox (Value Advanced)" systemname="IOBox (Value Advanced)">
   <BOUNDS height="100" left="390" top="4305" type="Node" width="100">
   </BOUNDS>
   <BOUNDS height="720" left="390" top="4305" type="Box" width="795">
   </BOUNDS>
   <PIN pinname="Rows" slicecount="1" values="3">
   </PIN>
   <PIN pinname="Y Input Value" visible="1">
   </PIN>
   <PIN pinname="Vector Size" slicecount="1" values="3">
   </PIN>
   <PIN encoded="0" pinname="Default" slicecount="1" values="|0, 0, 0|">
   </PIN>
   <PIN encoded="0" pinname="Descriptive Name" slicecount="1" values="|Object XYZ|">
   </PIN>
   </NODE>
   <NODE componentmode="InABox" id="3" nodename="IOBox (Value Advanced)" systemname="IOBox (Value Advanced)">
   <BOUNDS height="100" left="615" top="780" type="Node" width="100">
   </BOUNDS>
   <BOUNDS height="240" left="615" top="780" type="Box" width="795">
   </BOUNDS>
   <PIN encoded="0" pinname="Descriptive Name" slicecount="1" values="|Board Size X|">
   </PIN>
   <PIN pinname="Value Type" slicecount="1" values="Integer">
   </PIN>
   <PIN pinname="Y Output Value" visible="1">
   </PIN>
   <PIN pinname="Y Input Value" slicecount="1" values="8">
   </PIN>
   </NODE>
   <NODE componentmode="InABox" id="4" nodename="IOBox (Value Advanced)" systemname="IOBox (Value Advanced)">
   <BOUNDS height="100" left="2265" top="780" type="Node" width="100">
   </BOUNDS>
   <BOUNDS height="240" left="2265" top="780" type="Box" width="795">
   </BOUNDS>
   <PIN encoded="0" pinname="Descriptive Name" slicecount="1" values="|Board Size Y|">
   </PIN>
   <PIN pinname="Value Type" slicecount="1" values="Integer">
   </PIN>
   <PIN pinname="Y Output Value" visible="1">
   </PIN>
   <PIN pinname="Y Input Value" slicecount="1" values="6">
   </PIN>
   </NODE>
   <NODE componentmode="Hidden" id="5" nodename="LinearSpread (Spreads)" systemname="LinearSpread (Spreads)">
   <BOUNDS height="100" left="2055" top="2490" type="Node" width="100">
   </BOUNDS>
   <PIN pinname="Spread Count" visible="1">
   </PIN>
   <PIN pinname="Width" visible="1">
   </PIN>
   <PIN pinname="Output" visible="1">
   </PIN>
   <PIN pinname="Alignment" slicecount="1" values="Centered">
   </PIN>
   </NODE>
   <NODE componentmode="InABox" id="7" nodename="IOBox (Value Advanced)" systemname="IOBox (Value Advanced)">
   <BOUNDS height="100" left="3525" top="780" type="Node" width="100">
   </BOUNDS>
   <BOUNDS height="240" left="3525" top="780" type="Box" width="795">
   </BOUNDS>
   <PIN encoded="0" pinname="Descriptive Name" slicecount="1" values="|Board Pitch|">
   </PIN>
   <PIN pinname="Y Output Value" visible="1">
   </PIN>
   <PIN pinname="Y Input Value" slicecount="1" values="2.5">
   </PIN>
   </NODE>
   <NODE componentmode="Hidden" id="8" nodename="LinearSpread (Spreads)" systemname="LinearSpread (Spreads)">
   <BOUNDS height="100" left="390" top="2490" type="Node" width="100">
   </BOUNDS>
   <PIN pinname="Width" visible="1">
   </PIN>
   <PIN pinname="Spread Count" visible="1">
   </PIN>
   <PIN pinname="Output" visible="1">
   </PIN>
   <PIN pinname="Alignment" slicecount="1" values="Centered">
   </PIN>
   </NODE>
   <NODE componentmode="Hidden" id="9" nodename="Multiply (Value)" systemname="Multiply (Value)">
   <BOUNDS height="270" left="630" top="1545" type="Node" width="2970">
   </BOUNDS>
   <PIN pinname="Input 1" visible="1">
   </PIN>
   <PIN pinname="Input 2" visible="1">
   </PIN>
   <PIN pinname="Output" visible="1">
   </PIN>
   </NODE>
   <LINK dstnodeid="9" dstpinname="Input 1" srcnodeid="3" srcpinname="Y Output Value">
   </LINK>
   <NODE componentmode="InABox" id="10" nodename="IOBox (String)" systemname="IOBox (String)">
   <BOUNDS height="270" left="495" top="255" type="Node" width="3735">
   </BOUNDS>
   <BOUNDS height="270" left="495" top="255" type="Box" width="3735">
   </BOUNDS>
   <PIN encoded="0" pinname="Input String" slicecount="1" visible="0" values="|//Note that board size is always the inside corners|">
   </PIN>
   <PIN pinname="Output String" visible="0">
   </PIN>
   <PIN pinname="Show Grid" slicecount="1" values="0">
   </PIN>
   <PIN pinname="String Type" slicecount="1" values="MultiLine">
   </PIN>
   </NODE>
   <LINK dstnodeid="9" dstpinname="Input 2" srcnodeid="7" srcpinname="Y Output Value">
   </LINK>
   <LINK dstnodeid="8" dstpinname="Width" srcnodeid="9" srcpinname="Output">
   </LINK>
   <LINK dstnodeid="8" dstpinname="Spread Count" linkstyle="Bezier" srcnodeid="3" srcpinname="Y Output Value">
   <LINKPOINT x="675" y="1673">
   </LINKPOINT>
   <LINKPOINT x="1350" y="1823">
   </LINKPOINT>
   </LINK>
   <LINK dstnodeid="5" dstpinname="Spread Count" linkstyle="Bezier" srcnodeid="4" srcpinname="Y Output Value">
   <LINKPOINT x="2310" y="1755">
   </LINKPOINT>
   <LINKPOINT x="3030" y="1755">
   </LINKPOINT>
   </LINK>
   <NODE componentmode="Hidden" id="11" nodename="Multiply (Value)" systemname="Multiply (Value)">
   <BOUNDS height="270" left="2280" top="1845" type="Node" width="2895">
   </BOUNDS>
   <PIN pinname="Input 1" visible="1">
   </PIN>
   <PIN pinname="Input 2" visible="1">
   </PIN>
   <PIN pinname="Output" visible="1">
   </PIN>
   <PIN pinname="Input Count" slicecount="1" values="3">
   </PIN>
   <PIN pinname="Input 3" slicecount="1" values="-1">
   </PIN>
   </NODE>
   <LINK dstnodeid="11" dstpinname="Input 2" linkstyle="VHV" srcnodeid="7" srcpinname="Y Output Value">
   <LINKPOINT x="3585" y="1433">
   </LINKPOINT>
   <LINKPOINT x="4065" y="1433">
   </LINKPOINT>
   </LINK>
   <LINK dstnodeid="11" dstpinname="Input 1" srcnodeid="4" srcpinname="Y Output Value">
   </LINK>
   <LINK dstnodeid="5" dstpinname="Width" srcnodeid="11" srcpinname="Output">
   </LINK>
   <NODE componentmode="Hidden" id="13" nodename="Vector (3d Join)" systemname="Vector (3d Join)">
   <BOUNDS height="270" left="390" top="3330" type="Node" width="3405">
   </BOUNDS>
   <PIN pinname="X" visible="1">
   </PIN>
   <PIN pinname="Y" visible="1">
   </PIN>
   <PIN pinname="XYZ" visible="1">
   </PIN>
   </NODE>
   <LINK dstnodeid="0" dstpinname="Y Input Value" srcnodeid="13" srcpinname="XYZ">
   </LINK>
   <NODE componentmode="Hidden" id="14" nodename="Cross (2d)" systemname="Cross (2d)">
   <BOUNDS height="270" left="390" top="2910" type="Node" width="1740">
   </BOUNDS>
   <PIN pinname="X In" visible="1">
   </PIN>
   <PIN pinname="X Out" visible="1">
   </PIN>
   <PIN pinname="Y In" visible="1">
   </PIN>
   <PIN pinname="Y Out" visible="1">
   </PIN>
   <PIN pinname="Include Upper" pintype="Input" slicecount="1" visible="-1" values="1">
   </PIN>
   <PIN pinname="Include Lower" pintype="Input" slicecount="1" visible="-1" values="1">
   </PIN>
   <PIN pinname="Include Equal" pintype="Input" slicecount="1" visible="-1" values="1">
   </PIN>
   </NODE>
   <LINK dstnodeid="14" dstpinname="X In" srcnodeid="8" srcpinname="Output">
   </LINK>
   <LINK dstnodeid="13" dstpinname="X" srcnodeid="14" srcpinname="X Out">
   </LINK>
   <LINK dstnodeid="14" dstpinname="Y In" srcnodeid="5" srcpinname="Output">
   </LINK>
   <LINK dstnodeid="13" dstpinname="Y" srcnodeid="14" srcpinname="Y Out">
   </LINK>
   <NODE componentmode="InABox" id="15" nodename="IOBox (Value Advanced)" systemname="IOBox (Value Advanced)">
   <BOUNDS height="100" left="4470" top="4215" type="Node" width="100">
   </BOUNDS>
   <BOUNDS height="240" left="4470" top="4215" type="Box" width="795">
   </BOUNDS>
   <PIN encoded="0" pinname="Descriptive Name" slicecount="1" values="Count">
   </PIN>
   <PIN pinname="Value Type" slicecount="1" values="Integer">
   </PIN>
   <PIN pinname="Y Input Value" visible="1">
   </PIN>
   </NODE>
   <NODE componentmode="Hidden" id="16" nodename="Multiply (Value)" systemname="Multiply (Value)">
   <BOUNDS height="100" left="4470" top="3330" type="Node" width="100">
   </BOUNDS>
   <PIN pinname="Input 1" visible="1">
   </PIN>
   <PIN pinname="Input 2" visible="1">
   </PIN>
   <PIN pinname="Output" visible="1">
   </PIN>
   </NODE>
   <LINK dstnodeid="16" dstpinname="Input 1" hiddenwhenlocked="1" linkstyle="Bezier" srcnodeid="3" srcpinname="Y Output Value">
   <LINKPOINT x="675" y="2160">
   </LINKPOINT>
   <LINKPOINT x="4470" y="2160">
   </LINKPOINT>
   </LINK>
   <LINK dstnodeid="16" dstpinname="Input 2" hiddenwhenlocked="1" linkstyle="Bezier" srcnodeid="4" srcpinname="Y Output Value">
   <LINKPOINT x="2325" y="2160">
   </LINKPOINT>
   <LINKPOINT x="4710" y="2160">
   </LINKPOINT>
   </LINK>
   <LINK dstnodeid="15" dstpinname="Y Input Value" srcnodeid="16" srcpinname="Output">
   </LINK>
   </PATCH>