<!DOCTYPE PATCH  SYSTEM "http://vvvv.org/versions/vvvv45beta26.dtd" >
   <PATCH nodename="C:\kimchiandchips\VVVV.Research\VVVV.Nodes.EmguCV\Package\modules\BoundingBox (DX9).v4p" filename="C:\kimchiandchips\VVVV.Research\VVVV.Nodes.EmguCV\Package\Modules\BoundingBox (DX9).v4p" systemname="BoundingBox (DX9)">
   <BOUNDS height="5550" left="18105" top="9300" type="Window" width="4050">
   </BOUNDS>
   <NODE componentmode="Hidden" filename="BoundingBox (Transform).v4p" id="1" nodename="BoundingBox (Transform)" systemname="BoundingBox (Transform)">
   <BOUNDS height="100" left="855" top="1740" type="Node" width="100">
   </BOUNDS>
   <PIN pinname="Bounding boxXYWH" visible="1">
   </PIN>
   <PIN pinname="Transform Out" visible="1">
   </PIN>
   <BOUNDS height="7770" left="13530" top="6675" type="Window" width="6285">
   </BOUNDS>
   </NODE>
   <NODE componentmode="Hidden" id="0" nodename="Quad (DX9)" systemname="Quad (DX9)">
   <BOUNDS height="100" left="690" top="3555" type="Node" width="100">
   </BOUNDS>
   <PIN pinname="Transform" visible="1">
   </PIN>
   <PIN pinname="Layer" visible="1">
   </PIN>
   <PIN pinname="Texture Transform" slicecount="1" visible="1" values="||">
   </PIN>
   <PIN pinname="Color" visible="1">
   </PIN>
   </NODE>
   <LINK dstnodeid="0" dstpinname="Transform" srcnodeid="1" srcpinname="Transform Out">
   </LINK>
   <NODE componentmode="InABox" id="3" nodename="IOBox (Value Advanced)" systemname="IOBox (Value Advanced)">
   <BOUNDS height="0" left="870" top="240" type="Node" width="0">
   </BOUNDS>
   <BOUNDS height="960" left="870" top="240" type="Box" width="795">
   </BOUNDS>
   <PIN pinname="Y Input Value" slicecount="1" values="0">
   </PIN>
   <PIN encoded="0" pinname="Units" slicecount="1" values="||">
   </PIN>
   <PIN pinname="Precision" slicecount="1" values="4">
   </PIN>
   <PIN pinname="Vector Size" slicecount="1" values="4">
   </PIN>
   <PIN pinname="Rows" slicecount="1" values="4">
   </PIN>
   <PIN encoded="0" pinname="Descriptive Name" slicecount="1" values="|Bounding boxXYWH|">
   </PIN>
   </NODE>
   <LINK dstnodeid="1" dstpinname="Bounding boxXYWH" srcnodeid="3" srcpinname="Y Output Value">
   </LINK>
   <NODE componentmode="Hidden" id="2" nodename="HSL (Color Join)" systemname="HSL (Color Join)">
   <BOUNDS height="100" left="1665" top="3105" type="Node" width="100">
   </BOUNDS>
   <PIN pinname="Transform Out" visible="1">
   </PIN>
   <PIN pinname="Output" visible="1">
   </PIN>
   <PIN pinname="Alpha" slicecount="1" values="0.8">
   </PIN>
   <PIN pinname="Lightness" slicecount="1" values="0.41">
   </PIN>
   <PIN pinname="Saturation" slicecount="1" values="0.5">
   </PIN>
   <PIN pinname="Hue" visible="1">
   </PIN>
   </NODE>
   <LINK dstnodeid="0" dstpinname="Color" srcnodeid="2" srcpinname="Output">
   </LINK>
   <NODE componentmode="InABox" id="5" nodename="IOBox (Node)" systemname="IOBox (Node)">
   <BOUNDS height="0" left="705" top="4170" type="Node" width="0">
   </BOUNDS>
   <BOUNDS height="240" left="705" top="4170" type="Box" width="795">
   </BOUNDS>
   <PIN encoded="0" pinname="Descriptive Name" slicecount="1" values="Layer">
   </PIN>
   </NODE>
   <LINK dstnodeid="5" dstpinname="Input Node" srcnodeid="0" srcpinname="Layer">
   </LINK>
   <NODE componentmode="Hidden" id="7" nodename="Count (Node)" systemname="Count (Node)">
   <BOUNDS height="100" left="2625" top="2250" type="Node" width="100">
   </BOUNDS>
   <PIN pinname="Input" visible="1">
   </PIN>
   <PIN pinname="Count" visible="1">
   </PIN>
   </NODE>
   <LINK dstnodeid="7" dstpinname="Input" linkstyle="VHV" srcnodeid="1" srcpinname="Transform Out">
   <LINKPOINT x="910" y="2093">
   </LINKPOINT>
   <LINKPOINT x="2630" y="2138">
   </LINKPOINT>
   </LINK>
   <NODE componentmode="Hidden" id="8" nodename="LinearSpread (Spreads)" systemname="LinearSpread (Spreads)">
   <BOUNDS height="100" left="1665" top="2700" type="Node" width="100">
   </BOUNDS>
   <PIN pinname="Output" visible="1">
   </PIN>
   <PIN pinname="Spread Count" visible="1">
   </PIN>
   </NODE>
   <LINK dstnodeid="2" dstpinname="Hue" srcnodeid="8" srcpinname="Output">
   </LINK>
   <LINK dstnodeid="8" dstpinname="Spread Count" srcnodeid="7" srcpinname="Count">
   </LINK>
   </PATCH>