<!DOCTYPE PATCH  SYSTEM "http://vvvv.org/versions/vvvv45beta26.dtd" >
   <PATCH nodename="C:\kimchiandchips\VVVV.Research\VVVV.Nodes.EmguCV\Package\Modules\BoundingQuad (EmguCV Transform).v4p" systemname="BoundingQuad (EmguCV Transform)" filename="C:\kimchiandchips\VVVV.Research\VVVV.Nodes.EmguCV\Package\Modules\BoundingQuad (EmguCV Transform).v4p">
   <BOUNDS type="Window" left="13530" top="6675" width="6045" height="7770">
   </BOUNDS>
   <NODE componentmode="InABox" id="1" nodename="IOBox (Value Advanced)" systemname="IOBox (Value Advanced)">
   <BOUNDS height="0" left="1065" top="165" type="Node" width="0">
   </BOUNDS>
   <BOUNDS height="960" left="1065" top="165" type="Box" width="795">
   </BOUNDS>
   <PIN encoded="0" pinname="Units" slicecount="1" values="||">
   </PIN>
   <PIN pinname="Precision" slicecount="1" values="4">
   </PIN>
   <PIN pinname="Vector Size" slicecount="1" values="4">
   </PIN>
   <PIN pinname="Rows" slicecount="1" values="4">
   </PIN>
   <PIN pinname="Y Input Value" visible="1" slicecount="1" values="0">
   </PIN>
   <PIN encoded="0" pinname="Descriptive Name" slicecount="1" values="|Bounding boxXYWH|">
   </PIN>
   <PIN pinname="Y Output Value" visible="1">
   </PIN>
   </NODE>
   <NODE systemname="Vector (4d Split)" nodename="Vector (4d Split)" componentmode="Hidden" id="2">
   <BOUNDS type="Node" left="1065" top="1860" width="4185" height="270">
   </BOUNDS>
   <PIN pinname="XYZW" visible="1">
   </PIN>
   <PIN pinname="X" visible="1">
   </PIN>
   <PIN pinname="Z" visible="1">
   </PIN>
   <PIN pinname="W" visible="1">
   </PIN>
   <PIN pinname="Y" visible="1">
   </PIN>
   </NODE>
   <LINK srcnodeid="1" srcpinname="Y Output Value" dstnodeid="2" dstpinname="XYZW">
   </LINK>
   <NODE systemname="Add (Value)" nodename="Add (Value)" componentmode="Hidden" id="3">
   <BOUNDS type="Node" left="1065" top="3165" width="2805" height="270">
   </BOUNDS>
   <PIN pinname="Input 1" visible="1">
   </PIN>
   <PIN pinname="Input 2" visible="1">
   </PIN>
   <PIN pinname="Output" visible="1">
   </PIN>
   </NODE>
   <LINK srcnodeid="2" srcpinname="X" dstnodeid="3" dstpinname="Input 1">
   </LINK>
   <NODE systemname="Divide (Value)" nodename="Divide (Value)" componentmode="Hidden" id="4">
   <BOUNDS type="Node" left="3795" top="2460" width="100" height="100">
   </BOUNDS>
   <PIN pinname="Input" visible="1">
   </PIN>
   <PIN pinname="Input 2" slicecount="1" values="2">
   </PIN>
   <PIN pinname="Output" visible="1">
   </PIN>
   </NODE>
   <LINK srcnodeid="2" srcpinname="Z" dstnodeid="4" dstpinname="Input">
   </LINK>
   <LINK srcnodeid="4" srcpinname="Output" dstnodeid="3" dstpinname="Input 2">
   </LINK>
   <NODE systemname="Add (Value)" nodename="Add (Value)" componentmode="Hidden" id="6">
   <BOUNDS type="Node" left="2460" top="3765" width="2805" height="270">
   </BOUNDS>
   <PIN pinname="Input 1" visible="1">
   </PIN>
   <PIN pinname="Input 2" visible="1">
   </PIN>
   <PIN pinname="Output" visible="1">
   </PIN>
   </NODE>
   <NODE systemname="Divide (Value)" nodename="Divide (Value)" componentmode="Hidden" id="5">
   <BOUNDS type="Node" left="5190" top="3060" width="100" height="100">
   </BOUNDS>
   <PIN pinname="Input" visible="1">
   </PIN>
   <PIN pinname="Input 2" slicecount="1" values="2">
   </PIN>
   <PIN pinname="Output" visible="1">
   </PIN>
   </NODE>
   <LINK srcnodeid="5" srcpinname="Output" dstnodeid="6" dstpinname="Input 2">
   </LINK>
   <LINK srcnodeid="2" srcpinname="W" dstnodeid="5" dstpinname="Input">
   </LINK>
   <LINK srcnodeid="2" srcpinname="Y" dstnodeid="6" dstpinname="Input 1">
   </LINK>
   <NODE systemname="Scale (Transform)" nodename="Scale (Transform)" componentmode="Hidden" id="7">
   <BOUNDS type="Node" left="2370" top="5490" width="2895" height="270">
   </BOUNDS>
   <PIN pinname="X" visible="1">
   </PIN>
   <PIN pinname="Y" visible="1">
   </PIN>
   <PIN pinname="Transform In" visible="1" pintype="Input">
   </PIN>
   <PIN pinname="Z" visible="-1" pintype="Input" slicecount="1" values="1">
   </PIN>
   </NODE>
   <LINK srcnodeid="2" srcpinname="Z" dstnodeid="7" dstpinname="X">
   </LINK>
   <LINK srcnodeid="2" srcpinname="W" dstnodeid="7" dstpinname="Y">
   </LINK>
   <NODE systemname="Translate (Transform)" nodename="Translate (Transform)" componentmode="Hidden" id="9">
   <BOUNDS type="Node" left="2385" top="4920" width="100" height="100">
   </BOUNDS>
   <PIN pinname="Transform Out" visible="1">
   </PIN>
   <PIN pinname="X" visible="1">
   </PIN>
   <PIN pinname="Y" visible="1">
   </PIN>
   </NODE>
   <LINK srcnodeid="9" srcpinname="Transform Out" dstnodeid="7" dstpinname="Transform In">
   </LINK>
   <LINK srcnodeid="3" srcpinname="Output" dstnodeid="9" dstpinname="X" linkstyle="Bezier">
   <LINKPOINT x="1125" y="4163">
   </LINKPOINT>
   <LINKPOINT x="2610" y="4163">
   </LINKPOINT>
   </LINK>
   <LINK srcnodeid="6" srcpinname="Output" dstnodeid="9" dstpinname="Y" linkstyle="Bezier">
   <LINKPOINT x="2505" y="4478">
   </LINKPOINT>
   <LINKPOINT x="2895" y="4478">
   </LINKPOINT>
   </LINK>
   <NODE nodename="IOBox (Node)" componentmode="InABox" id="11" systemname="IOBox (Node)">
   <BOUNDS type="Node" left="2370" top="6270" width="0" height="0">
   </BOUNDS>
   <BOUNDS type="Box" left="2370" top="6270" width="795" height="240">
   </BOUNDS>
   <PIN pinname="Descriptive Name" slicecount="1" values="|Transform Out|" encoded="0">
   </PIN>
   </NODE>
   <LINK srcnodeid="7" srcpinname="Transform Out" dstnodeid="11" dstpinname="Input Node">
   </LINK>
   </PATCH>