<!DOCTYPE PATCH  SYSTEM "http://vvvv.org/versions/vvvv45beta26.dtd" >
   <PATCH nodename="C:\kimchiandchips\VVVV.Research\VVVV.Nodes.KC.EmguCV\tests\subpatches\CameraCoordsView (Transform).v4p" filename="C:\kimchiandchips\VVVV.Research\VVVV.Nodes.KC.EmguCV\tests\subpatches\CameraCoords.v4p" systemname="CameraCoords">
   <BOUNDS height="7140" left="16260" top="5985" type="Window" width="3810">
   </BOUNDS>
   <NODE componentmode="InABox" id="1" nodename="IOBox (Node)" systemname="IOBox (Node)">
   <BOUNDS height="100" left="450" top="5070" type="Node" width="100">
   </BOUNDS>
   <BOUNDS height="240" left="450" top="5070" type="Box" width="795">
   </BOUNDS>
   <PIN pinname="Input Node" visible="1">
   </PIN>
   <PIN encoded="0" pinname="Descriptive Name" slicecount="1" values="|Transform Out|">
   </PIN>
   </NODE>
   <NODE componentmode="Hidden" id="2" nodename="Scale (Transform)" systemname="Scale (Transform)">
   <BOUNDS height="270" left="450" top="2550" type="Node" width="2940">
   </BOUNDS>
   <PIN pinname="Transform Out" visible="1">
   </PIN>
   <PIN pinname="X" visible="1">
   </PIN>
   <PIN pinname="Y" visible="1">
   </PIN>
   <PIN pinname="Transform In" slicecount="1" visible="1" values="||">
   </PIN>
   </NODE>
   <NODE componentmode="Hidden" id="3" nodename="Translate (Transform)" systemname="Translate (Transform)">
   <BOUNDS height="270" left="435" top="4590" type="Node" width="2430">
   </BOUNDS>
   <PIN pinname="Transform Out" visible="1">
   </PIN>
   <PIN pinname="X" visible="1">
   </PIN>
   <PIN pinname="Y" visible="1">
   </PIN>
   <PIN pinname="Transform In" visible="1">
   </PIN>
   </NODE>
   <NODE componentmode="Hidden" id="4" nodename="Divide (Value)" systemname="Divide (Value)">
   <BOUNDS height="100" left="1410" top="1050" type="Node" width="100">
   </BOUNDS>
   <PIN pinname="Output" visible="1">
   </PIN>
   <PIN pinname="Input 2" visible="1">
   </PIN>
   <PIN pinname="Input" slicecount="1" visible="1" values="2">
   </PIN>
   </NODE>
   <NODE componentmode="Hidden" id="5" nodename="Vector (2d Split)" systemname="Vector (2d Split)">
   <BOUNDS height="270" left="1410" top="1590" type="Node" width="1275">
   </BOUNDS>
   <PIN pinname="X" visible="1">
   </PIN>
   <PIN pinname="XY" visible="1">
   </PIN>
   <PIN pinname="Y" visible="1">
   </PIN>
   </NODE>
   <LINK dstnodeid="5" dstpinname="XY" srcnodeid="4" srcpinname="Output">
   </LINK>
   <LINK dstnodeid="2" dstpinname="X" srcnodeid="5" srcpinname="X">
   </LINK>
   <NODE componentmode="InABox" id="6" nodename="IOBox (Value Advanced)" systemname="IOBox (Value Advanced)">
   <BOUNDS height="100" left="1695" top="225" type="Node" width="100">
   </BOUNDS>
   <BOUNDS height="480" left="1695" top="225" type="Box" width="795">
   </BOUNDS>
   <PIN pinname="Rows" slicecount="1" values="2">
   </PIN>
   <PIN pinname="Y Input Value" slicecount="2" values="640,480">
   </PIN>
   <PIN pinname="Vector Size" slicecount="1" values="2">
   </PIN>
   <PIN encoded="0" pinname="Default" slicecount="1" values="|0, 0|">
   </PIN>
   <PIN pinname="Y Output Value" visible="1">
   </PIN>
   <PIN pinname="Value Type" slicecount="1" values="Integer">
   </PIN>
   <PIN encoded="0" pinname="Descriptive Name" slicecount="1" values="Resolution">
   </PIN>
   </NODE>
   <LINK dstnodeid="4" dstpinname="Input 2" srcnodeid="6" srcpinname="Y Output Value">
   </LINK>
   <LINK dstnodeid="1" dstpinname="Input Node" srcnodeid="3" srcpinname="Transform Out">
   </LINK>
   <NODE componentmode="Hidden" id="7" nodename="Vector (2d Split)" systemname="Vector (2d Split)">
   <BOUNDS height="270" left="1230" top="3240" type="Node" width="1080">
   </BOUNDS>
   <PIN pinname="X" visible="1">
   </PIN>
   <PIN pinname="Y" visible="1">
   </PIN>
   <PIN pinname="XY" visible="1">
   </PIN>
   </NODE>
   <LINK dstnodeid="3" dstpinname="Transform In" srcnodeid="2" srcpinname="Transform Out">
   </LINK>
   <LINK dstnodeid="7" dstpinname="XY" linkstyle="Bezier" srcnodeid="6" srcpinname="Y Output Value">
   <LINKPOINT x="1710" y="1973">
   </LINKPOINT>
   <LINKPOINT x="1260" y="1973">
   </LINKPOINT>
   </LINK>
   <NODE componentmode="Hidden" id="9" nodename="Subtract (Value)" systemname="Subtract (Value)">
   <BOUNDS height="100" left="2385" top="2085" type="Node" width="100">
   </BOUNDS>
   <PIN pinname="Output" visible="1">
   </PIN>
   <PIN pinname="Input 2" visible="1">
   </PIN>
   </NODE>
   <LINK dstnodeid="2" dstpinname="Y" srcnodeid="9" srcpinname="Output">
   </LINK>
   <LINK dstnodeid="9" dstpinname="Input 2" srcnodeid="5" srcpinname="Y">
   </LINK>
   <NODE componentmode="Hidden" id="10" nodename="Multiply (Value)" systemname="Multiply (Value)">
   <BOUNDS height="100" left="1245" top="3690" type="Node" width="100">
   </BOUNDS>
   <PIN pinname="Input 2" slicecount="1" values="-0.5">
   </PIN>
   <PIN pinname="Input 1" visible="1">
   </PIN>
   <PIN pinname="Output" visible="1">
   </PIN>
   </NODE>
   <LINK dstnodeid="10" dstpinname="Input 1" srcnodeid="7" srcpinname="X">
   </LINK>
   <LINK dstnodeid="3" dstpinname="X" srcnodeid="10" srcpinname="Output">
   </LINK>
   <NODE componentmode="Hidden" id="11" nodename="Multiply (Value)" systemname="Multiply (Value)">
   <BOUNDS height="100" left="2250" top="3720" type="Node" width="100">
   </BOUNDS>
   <PIN pinname="Input 2" slicecount="1" values="0.5">
   </PIN>
   <PIN pinname="Input 1" visible="1">
   </PIN>
   <PIN pinname="Output" visible="1">
   </PIN>
   </NODE>
   <LINK dstnodeid="11" dstpinname="Input 1" srcnodeid="7" srcpinname="Y">
   </LINK>
   <NODE systemname="Subtract (Value)" nodename="Subtract (Value)" componentmode="Hidden" id="12">
   <BOUNDS type="Node" left="1995" top="4155" width="100" height="100">
   </BOUNDS>
   <PIN pinname="Input 1" visible="1" slicecount="1" values="0">
   </PIN>
   <PIN pinname="Output" visible="1">
   </PIN>
   <PIN pinname="Input 2" visible="1">
   </PIN>
   </NODE>
   <LINK srcnodeid="12" srcpinname="Output" dstnodeid="3" dstpinname="Y">
   </LINK>
   <LINK srcnodeid="11" srcpinname="Output" dstnodeid="12" dstpinname="Input 2">
   </LINK>
   </PATCH>