<!DOCTYPE PATCH  SYSTEM "http://vvvv.org/versions/vvvv45beta26.dtd" >
   <PATCH nodename="C:\kimchiandchips\VVVV.Research\VVVV.Nodes.EmguCV\Package\modules\ImageQuad(EmguCV DX9).v4p" filename="C:\kimchiandchips\VVVV.Research\VVVV.Nodes.EmguCV\Package\Modules\ImageQuad.v4p" systemname="ImageQuad">
   <BOUNDS height="8670" left="10140" top="2715" type="Window" width="10590">
   </BOUNDS>
   <NODE componentmode="InABox" id="0" nodename="IOBox (Node)" systemname="IOBox (Node)">
   <BOUNDS height="100" left="3765" top="210" type="Node" width="100">
   </BOUNDS>
   <BOUNDS height="240" left="3765" top="210" type="Box" width="795">
   </BOUNDS>
   <PIN pinname="Output Node" visible="1">
   </PIN>
   <PIN encoded="0" pinname="Descriptive Name" slicecount="1" values="Image">
   </PIN>
   </NODE>
   <NODE componentmode="Hidden" filename="..\Plugins\VVVV.Nodes.EmguCV.dll" id="1" nodename="AsTexture (EmguCV)" systemname="AsTexture (EmguCV)">
   <BOUNDS height="100" left="3765" top="6285" type="Node" width="100">
   </BOUNDS>
   <PIN pinname="Image" slicecount="1" visible="1" values="||">
   </PIN>
   <PIN pinname="Texture Out" visible="1">
   </PIN>
   <BOUNDS left="3765" top="6285" type="Box">
   </BOUNDS>
   </NODE>
   <LINK dstnodeid="1" dstpinname="Image" srcnodeid="0" srcpinname="Output Node">
   </LINK>
   <NODE componentmode="InABox" id="3" nodename="IOBox (Node)" systemname="IOBox (Node)">
   <BOUNDS height="100" left="390" top="7500" type="Node" width="100">
   </BOUNDS>
   <BOUNDS height="240" left="390" top="7500" type="Box" width="795">
   </BOUNDS>
   <PIN pinname="Input Node" visible="1">
   </PIN>
   <PIN encoded="0" pinname="Descriptive Name" slicecount="1" values="Layer">
   </PIN>
   </NODE>
   <NODE componentmode="Hidden" filename="..\Shaders\ScaleColor.fx" id="6" nodename="ScaleColor (EX9.Effect)" systemname="ScaleColor (EX9.Effect)">
   <BOUNDS height="270" left="390" top="7020" type="Node" width="9105">
   </BOUNDS>
   <PIN pinname="Layer" visible="1">
   </PIN>
   <PIN pinname="Texture" visible="1">
   </PIN>
   <PIN pinname="Transform" visible="1">
   </PIN>
   <PIN pinname="MaxRange">
   </PIN>
   <PIN pinname="MinRange">
   </PIN>
   <PIN pinname="Enabled">
   </PIN>
   <PIN pinname="Mesh" visible="1">
   </PIN>
   </NODE>
   <LINK dstnodeid="6" dstpinname="Texture" srcnodeid="1" srcpinname="Texture Out">
   </LINK>
   <NODE componentmode="Hidden" id="7" nodename="Count (Node)" systemname="Count (Node)">
   <BOUNDS height="100" left="2520" top="1155" type="Node" width="100">
   </BOUNDS>
   <PIN pinname="Input" visible="1">
   </PIN>
   <PIN pinname="Count" visible="1">
   </PIN>
   </NODE>
   <LINK dstnodeid="7" dstpinname="Input" linkstyle="VHV" srcnodeid="0" srcpinname="Output Node">
   <LINKPOINT x="3765" y="738">
   </LINKPOINT>
   <LINKPOINT x="2580" y="838">
   </LINKPOINT>
   </LINK>
   <NODE componentmode="Hidden" id="8" nodename="Sqrt (Complex)" systemname="Sqrt (Complex)">
   <BOUNDS height="100" left="2520" top="1620" type="Node" width="100">
   </BOUNDS>
   <PIN pinname="Input Real" visible="1">
   </PIN>
   <PIN pinname="Output Real" visible="1">
   </PIN>
   </NODE>
   <LINK dstnodeid="8" dstpinname="Input Real" srcnodeid="7" srcpinname="Count">
   </LINK>
   <NODE componentmode="Hidden" id="9" nodename="Frac (Value)" systemname="Frac (Value)">
   <BOUNDS height="100" left="2505" top="2040" type="Node" width="100">
   </BOUNDS>
   <PIN pinname="Input" visible="1">
   </PIN>
   <PIN pinname="Whole Part" visible="1">
   </PIN>
   </NODE>
   <LINK dstnodeid="9" dstpinname="Input" srcnodeid="8" srcpinname="Output Real">
   </LINK>
   <NODE componentmode="Hidden" id="10" nodename="Divide (Value)" systemname="Divide (Value)">
   <BOUNDS height="270" left="1665" top="2400" type="Node" width="900">
   </BOUNDS>
   <PIN pinname="Input 2" visible="1">
   </PIN>
   <PIN pinname="Input" visible="1">
   </PIN>
   <PIN pinname="Output" visible="1">
   </PIN>
   </NODE>
   <LINK dstnodeid="10" dstpinname="Input 2" srcnodeid="9" srcpinname="Whole Part">
   </LINK>
   <LINK dstnodeid="10" dstpinname="Input" linkstyle="VHV" srcnodeid="7" srcpinname="Count">
   <LINKPOINT x="2550" y="1500">
   </LINKPOINT>
   <LINKPOINT x="1695" y="1500">
   </LINKPOINT>
   </LINK>
   <NODE componentmode="Hidden" id="11" nodename="LinearSpread (Spreads)" systemname="LinearSpread (Spreads)">
   <BOUNDS height="100" left="1545" top="4005" type="Node" width="100">
   </BOUNDS>
   <PIN pinname="Spread Count" visible="1">
   </PIN>
   <PIN pinname="Output" visible="1">
   </PIN>
   </NODE>
   <LINK dstnodeid="11" dstpinname="Spread Count" srcnodeid="9" srcpinname="Whole Part">
   </LINK>
   <NODE componentmode="Hidden" id="12" nodename="LinearSpread (Spreads)" systemname="LinearSpread (Spreads)">
   <BOUNDS height="100" left="720" top="3450" type="Node" width="100">
   </BOUNDS>
   <PIN pinname="Spread Count" visible="1">
   </PIN>
   <PIN pinname="Output" visible="1">
   </PIN>
   </NODE>
   <LINK dstnodeid="12" dstpinname="Spread Count" srcnodeid="10" srcpinname="Output">
   </LINK>
   <NODE componentmode="Hidden" id="13" nodename="Cross (2d)" systemname="Cross (2d)">
   <BOUNDS height="270" left="720" top="4470" type="Node" width="870">
   </BOUNDS>
   <PIN pinname="Include Upper" pintype="Input" slicecount="1" visible="-1" values="1">
   </PIN>
   <PIN pinname="Include Lower" pintype="Input" slicecount="1" visible="-1" values="1">
   </PIN>
   <PIN pinname="Include Equal" pintype="Input" slicecount="1" visible="-1" values="1">
   </PIN>
   <PIN pinname="X In" visible="1">
   </PIN>
   <PIN pinname="Y In" visible="1">
   </PIN>
   <PIN pinname="X Out" visible="1">
   </PIN>
   <PIN pinname="Y Out" visible="1">
   </PIN>
   </NODE>
   <LINK dstnodeid="13" dstpinname="X In" srcnodeid="12" srcpinname="Output">
   </LINK>
   <LINK dstnodeid="13" dstpinname="Y In" srcnodeid="11" srcpinname="Output">
   </LINK>
   <NODE componentmode="Hidden" id="14" nodename="Translate (Transform)" systemname="Translate (Transform)">
   <BOUNDS height="270" left="735" top="5190" type="Node" width="870">
   </BOUNDS>
   <PIN pinname="X" visible="1">
   </PIN>
   <PIN pinname="Y" visible="1">
   </PIN>
   <PIN pinname="Transform In" pintype="Input" slicecount="1" visible="-1" values="||">
   </PIN>
   <PIN pinname="Z" pintype="Input" slicecount="1" visible="-1" values="0">
   </PIN>
   <PIN pinname="Transform Out" visible="1">
   </PIN>
   </NODE>
   <LINK dstnodeid="14" dstpinname="X" srcnodeid="13" srcpinname="X Out">
   </LINK>
   <LINK dstnodeid="14" dstpinname="Y" srcnodeid="13" srcpinname="Y Out">
   </LINK>
   <NODE componentmode="Hidden" id="15" nodename="Scale (Transform)" systemname="Scale (Transform)">
   <BOUNDS height="270" left="735" top="6285" type="Node" width="2340">
   </BOUNDS>
   <PIN pinname="Transform In" visible="1">
   </PIN>
   <PIN pinname="Z" pintype="Input" slicecount="1" visible="-1" values="1">
   </PIN>
   <PIN pinname="X" visible="1">
   </PIN>
   <PIN pinname="Y" visible="1">
   </PIN>
   <PIN pinname="Transform Out" visible="1">
   </PIN>
   </NODE>
   <LINK dstnodeid="15" dstpinname="Transform In" srcnodeid="14" srcpinname="Transform Out">
   </LINK>
   <NODE componentmode="Hidden" id="16" nodename="Divide (Value)" systemname="Divide (Value)">
   <BOUNDS height="100" left="1890" top="5775" type="Node" width="100">
   </BOUNDS>
   <PIN pinname="Output" visible="1">
   </PIN>
   <PIN pinname="Input" slicecount="1" values="1">
   </PIN>
   <PIN pinname="Input 2" visible="1">
   </PIN>
   </NODE>
   <LINK dstnodeid="15" dstpinname="X" srcnodeid="16" srcpinname="Output">
   </LINK>
   <LINK dstnodeid="16" dstpinname="Input 2" hiddenwhenlocked="0" linkstyle="Bezier" srcnodeid="10" srcpinname="Output">
   <LINKPOINT x="1695" y="4223">
   </LINKPOINT>
   <LINKPOINT x="2160" y="4223">
   </LINKPOINT>
   </LINK>
   <NODE componentmode="Hidden" id="18" nodename="Divide (Value)" systemname="Divide (Value)">
   <BOUNDS height="100" left="3015" top="5775" type="Node" width="100">
   </BOUNDS>
   <PIN pinname="Output" visible="1">
   </PIN>
   <PIN pinname="Input" slicecount="1" values="1">
   </PIN>
   <PIN pinname="Input 2" visible="1">
   </PIN>
   </NODE>
   <LINK dstnodeid="15" dstpinname="Y" srcnodeid="18" srcpinname="Output">
   </LINK>
   <LINK dstnodeid="18" dstpinname="Input 2" hiddenwhenlocked="0" linkstyle="Bezier" srcnodeid="9" srcpinname="Whole Part">
   <LINKPOINT x="2535" y="4043">
   </LINKPOINT>
   <LINKPOINT x="3285" y="4043">
   </LINKPOINT>
   </LINK>
   <NODE componentmode="InABox" id="19" nodename="IOBox (Value Advanced)" systemname="IOBox (Value Advanced)">
   <BOUNDS height="0" left="6030" top="210" type="Node" width="0">
   </BOUNDS>
   <BOUNDS height="240" left="6030" top="210" type="Box" width="795">
   </BOUNDS>
   <PIN pinname="Y Input Value" slicecount="1" values="1">
   </PIN>
   <PIN encoded="0" pinname="Units" slicecount="1" values="||">
   </PIN>
   <PIN pinname="Precision" slicecount="1" values="4">
   </PIN>
   <PIN encoded="0" pinname="Descriptive Name" slicecount="1" values="MaxRange">
   </PIN>
   </NODE>
   <LINK dstnodeid="6" dstpinname="MaxRange" srcnodeid="19" srcpinname="Y Output Value">
   </LINK>
   <NODE componentmode="InABox" id="20" nodename="IOBox (Value Advanced)" systemname="IOBox (Value Advanced)">
   <BOUNDS height="0" left="4905" top="210" type="Node" width="0">
   </BOUNDS>
   <BOUNDS height="240" left="4905" top="210" type="Box" width="795">
   </BOUNDS>
   <PIN pinname="Y Input Value" slicecount="1" values="0">
   </PIN>
   <PIN encoded="0" pinname="Units" slicecount="1" values="||">
   </PIN>
   <PIN pinname="Precision" slicecount="1" values="4">
   </PIN>
   <PIN encoded="0" pinname="Descriptive Name" slicecount="1" values="MinRange">
   </PIN>
   </NODE>
   <LINK dstnodeid="6" dstpinname="MinRange" srcnodeid="20" srcpinname="Y Output Value">
   </LINK>
   <NODE componentmode="InABox" id="21" nodename="IOBox (Value Advanced)" systemname="IOBox (Value Advanced)">
   <BOUNDS height="0" left="9420" top="225" type="Node" width="0">
   </BOUNDS>
   <BOUNDS height="480" left="9420" top="225" type="Box" width="480">
   </BOUNDS>
   <PIN pinname="Y Input Value" slicecount="1" values="1">
   </PIN>
   <PIN encoded="0" pinname="Units" slicecount="1" values="||">
   </PIN>
   <PIN pinname="Precision" slicecount="1" values="4">
   </PIN>
   <PIN pinname="Value Type" slicecount="1" values="Boolean">
   </PIN>
   <PIN pinname="Behavior" slicecount="1" values="Toggle">
   </PIN>
   <PIN encoded="0" pinname="Descriptive Name" slicecount="1" values="Enabled">
   </PIN>
   </NODE>
   <LINK dstnodeid="6" dstpinname="Enabled" srcnodeid="21" srcpinname="Y Output Value">
   </LINK>
   <LINK srcnodeid="6" srcpinname="Layer" dstnodeid="3" dstpinname="Input Node">
   </LINK>
   <NODE systemname="Grid (EX9.Geometry)" nodename="Grid (EX9.Geometry)" componentmode="Hidden" id="23">
   <BOUNDS type="Node" left="1515" top="6585" width="100" height="100">
   </BOUNDS>
   <PIN pinname="Mesh" visible="1">
   </PIN>
   </NODE>
   <LINK srcnodeid="23" srcpinname="Mesh" dstnodeid="6" dstpinname="Mesh">
   </LINK>
   <LINK srcnodeid="15" srcpinname="Transform Out" dstnodeid="6" dstpinname="Transform" linkstyle="VHV">
   <LINKPOINT x="795" y="6773">
   </LINKPOINT>
   <LINKPOINT x="2655" y="6773">
   </LINKPOINT>
   </LINK>
   </PATCH>