<!DOCTYPE PATCH  SYSTEM "http://vvvv.org/versions/vvvv45beta26.dtd" >
   <PATCH nodename="C:\kimchiandchips\VVVV.Research\VVVV.Nodes.EmguCV\Package\modules\SelectMinimumArea (EmguCV Contour).v4p" filename="C:\kimchiandchips\VVVV.Research\VVVV.Nodes.EmguCV\Package\Modules\SelectMinimumArea (EmguCV Contour).v4p" systemname="SelectMinimumArea (EmguCV Contour)">
   <BOUNDS height="6000" left="17460" top="6600" type="Window" width="9570">
   </BOUNDS>
   <NODE componentmode="InABox" id="0" nodename="IOBox (Value Advanced)" systemname="IOBox (Value Advanced)">
   <BOUNDS height="100" left="3045" top="255" type="Node" width="100">
   </BOUNDS>
   <BOUNDS height="240" left="3045" top="255" type="Box" width="795">
   </BOUNDS>
   <PIN pinname="Y Input Value" slicecount="1" visible="1" values="0">
   </PIN>
   <PIN encoded="0" pinname="Descriptive Name" slicecount="1" values="Area">
   </PIN>
   <PIN pinname="Y Output Value" visible="1">
   </PIN>
   </NODE>
   <NODE componentmode="InABox" id="1" nodename="IOBox (Value Advanced)" systemname="IOBox (Value Advanced)">
   <BOUNDS height="100" left="7395" top="255" type="Node" width="100">
   </BOUNDS>
   <BOUNDS height="240" left="7395" top="255" type="Box" width="795">
   </BOUNDS>
   <PIN pinname="Y Input Value" slicecount="1" visible="1" values="0.2">
   </PIN>
   <PIN encoded="0" pinname="Descriptive Name" slicecount="1" values="|Minimum area|">
   </PIN>
   <PIN pinname="Y Output Value" visible="1">
   </PIN>
   </NODE>
   <NODE componentmode="InABox" id="2" nodename="IOBox (Value Advanced)" systemname="IOBox (Value Advanced)">
   <BOUNDS height="0" left="1035" top="225" type="Node" width="0">
   </BOUNDS>
   <BOUNDS height="960" left="1035" top="225" type="Box" width="795">
   </BOUNDS>
   <PIN encoded="0" pinname="Units" slicecount="1" values="||">
   </PIN>
   <PIN pinname="Precision" slicecount="1" values="4">
   </PIN>
   <PIN pinname="Vector Size" slicecount="1" values="4">
   </PIN>
   <PIN pinname="Rows" slicecount="1" values="4">
   </PIN>
   <PIN pinname="Y Input Value" slicecount="1" values="0">
   </PIN>
   <PIN encoded="0" pinname="Descriptive Name" slicecount="1" values="|Bounding box XYWH|">
   </PIN>
   <PIN pinname="Y Output Value" visible="1">
   </PIN>
   </NODE>
   <NODE componentmode="Hidden" id="3" nodename="Select (Value)" systemname="Select (Value)">
   <BOUNDS height="270" left="1050" top="3285" type="Node" width="1140">
   </BOUNDS>
   <PIN pinname="Input" visible="1">
   </PIN>
   <PIN pinname="Select" visible="1">
   </PIN>
   <PIN pinname="Output" visible="1">
   </PIN>
   </NODE>
   <LINK dstnodeid="3" dstpinname="Input" srcnodeid="2" srcpinname="Y Output Value">
   </LINK>
   <NODE componentmode="Hidden" id="4" nodename="GT (Value)" systemname="GT (Value)">
   <BOUNDS height="270" left="4110" top="1575" type="Node" width="3330">
   </BOUNDS>
   <PIN pinname="Input 1" visible="1">
   </PIN>
   <PIN pinname="Input 2" visible="1">
   </PIN>
   <PIN pinname="Output" visible="1">
   </PIN>
   </NODE>
   <LINK dstnodeid="4" dstpinname="Input 1" linkstyle="VHV" srcnodeid="0" srcpinname="Y Output Value">
   <LINKPOINT x="3105" y="1028">
   </LINKPOINT>
   <LINKPOINT x="4110" y="1028">
   </LINKPOINT>
   </LINK>
   <LINK dstnodeid="4" dstpinname="Input 2" srcnodeid="1" srcpinname="Y Output Value">
   </LINK>
   <NODE componentmode="Hidden" id="5" nodename="Select (Value)" systemname="Select (Value)">
   <BOUNDS height="100" left="2130" top="2850" type="Node" width="100">
   </BOUNDS>
   <PIN pinname="Output" visible="1">
   </PIN>
   <PIN pinname="Input" visible="1">
   </PIN>
   <PIN pinname="Select" slicecount="1" values="4">
   </PIN>
   </NODE>
   <LINK dstnodeid="3" dstpinname="Select" srcnodeid="5" srcpinname="Output">
   </LINK>
   <NODE componentmode="Hidden" id="6" nodename="Select (Value)" systemname="Select (Value)">
   <BOUNDS height="270" left="3060" top="3285" type="Node" width="1125">
   </BOUNDS>
   <PIN pinname="Input" visible="1">
   </PIN>
   <PIN pinname="Select" visible="1">
   </PIN>
   <PIN pinname="Output" visible="1">
   </PIN>
   </NODE>
   <LINK dstnodeid="6" dstpinname="Input" srcnodeid="0" srcpinname="Y Output Value" hiddenwhenlocked="1">
   </LINK>
   <LINK dstnodeid="6" dstpinname="Select" srcnodeid="4" srcpinname="Output">
   </LINK>
   <NODE componentmode="InABox" id="7" nodename="IOBox (Value Advanced)" systemname="IOBox (Value Advanced)">
   <BOUNDS height="0" left="1035" top="4125" type="Node" width="0">
   </BOUNDS>
   <BOUNDS height="960" left="1035" top="4125" type="Box" width="795">
   </BOUNDS>
   <PIN encoded="0" pinname="Units" slicecount="1" values="||">
   </PIN>
   <PIN pinname="Precision" slicecount="1" values="4">
   </PIN>
   <PIN pinname="Vector Size" slicecount="1" values="4">
   </PIN>
   <PIN pinname="Rows" slicecount="1" values="4">
   </PIN>
   <PIN pinname="Y Input Value" visible="1">
   </PIN>
   <PIN encoded="0" pinname="Descriptive Name" slicecount="1" values="|Bounding box XYWH|">
   </PIN>
   <PIN pinname="Y Output Value" visible="1">
   </PIN>
   </NODE>
   <LINK dstnodeid="7" dstpinname="Y Input Value" srcnodeid="3" srcpinname="Output">
   </LINK>
   <LINK dstnodeid="5" dstpinname="Input" hiddenwhenlocked="0" linkstyle="Bezier" srcnodeid="4" srcpinname="Output">
   <LINKPOINT x="4110" y="2333">
   </LINKPOINT>
   <LINKPOINT x="2190" y="2333">
   </LINKPOINT>
   </LINK>
   <NODE componentmode="InABox" id="8" nodename="IOBox (Value Advanced)" systemname="IOBox (Value Advanced)">
   <BOUNDS height="100" left="3045" top="4125" type="Node" width="100">
   </BOUNDS>
   <BOUNDS height="240" left="3045" top="4125" type="Box" width="795">
   </BOUNDS>
   <PIN pinname="Y Input Value" visible="1">
   </PIN>
   <PIN encoded="0" pinname="Descriptive Name" slicecount="1" values="Area">
   </PIN>
   <PIN pinname="Y Output Value" visible="1">
   </PIN>
   </NODE>
   <LINK dstnodeid="8" dstpinname="Y Input Value" srcnodeid="6" srcpinname="Output">
   </LINK>
   <NODE componentmode="InABox" id="9" nodename="IOBox (Node)" systemname="IOBox (Node)">
   <BOUNDS height="0" left="5685" top="255" type="Node" width="0">
   </BOUNDS>
   <BOUNDS height="240" left="5685" top="255" type="Box" width="795">
   </BOUNDS>
   <PIN encoded="0" pinname="Descriptive Name" slicecount="1" values="Perimeter">
   </PIN>
   <PIN pinname="Input Node" slicecount="1" visible="1" values="||">
   </PIN>
   <PIN pinname="Output Node" visible="1">
   </PIN>
   </NODE>
   <NODE systemname="Select (Node)" filename="Select (Node).v4p" nodename="Select (Node)" componentmode="Hidden" id="10">
   <BOUNDS type="Node" left="5700" top="3300" width="100" height="100">
   </BOUNDS>
   <PIN pinname="Input Node" visible="1" slicecount="1" values="||">
   </PIN>
   <PIN pinname="Output Node" visible="1">
   </PIN>
   <PIN pinname="Select" visible="1">
   </PIN>
   </NODE>
   <LINK srcnodeid="9" srcpinname="Output Node" dstnodeid="10" dstpinname="Input Node" hiddenwhenlocked="1">
   </LINK>
   <NODE componentmode="InABox" id="11" nodename="IOBox (Node)" systemname="IOBox (Node)">
   <BOUNDS height="0" left="5685" top="4125" type="Node" width="0">
   </BOUNDS>
   <BOUNDS height="240" left="5685" top="4125" type="Box" width="795">
   </BOUNDS>
   <PIN encoded="0" pinname="Descriptive Name" slicecount="1" values="Perimeter">
   </PIN>
   <PIN pinname="Input Node" visible="1">
   </PIN>
   <PIN pinname="Output Node" visible="1">
   </PIN>
   </NODE>
   <LINK srcnodeid="10" srcpinname="Output Node" dstnodeid="11" dstpinname="Input Node">
   </LINK>
   <LINK srcnodeid="4" srcpinname="Output" dstnodeid="10" dstpinname="Select" linkstyle="Bezier">
   <LINKPOINT x="4170" y="2558">
   </LINKPOINT>
   <LINKPOINT x="6450" y="2558">
   </LINKPOINT>
   </LINK>
   </PATCH>